Keyword,Volume,KD,CPC,Opportunity Score,Difficulty,Intent,Primary Category,Cities,Long-Tail,Live Market,Tier,Word Count,Content Tier,Relevant,Relevance Note,Data Source
orlando vacation apartment rentals,2400,38,1.56,1488.0,Medium,Commercial,City + Apartments,Orlando,Yes,Yes,T1,4,Long Tail,Yes,Local intent,Semrush
perse apartments,1900,27,1.07,1387.0,Easy,Navigational,Competitor (Perse),Orlando,No,Yes,T1,2,Gap,Yes,Top competitor - comparison/gap,Semrush
studio apartments in orlando,1900,33,0.81,1273.0,Medium,Commercial,Bedroom Type,Orlando,Yes,Yes,T1,4,Long Tail,Yes,Local intent,Semrush
studio apartments orlando fl,1900,33,0.81,1273.0,Medium,Commercial,Bedroom Type,Orlando,Yes,Yes,T1,4,Long Tail,Yes,Local intent,Semrush
downtown apartments in orlando fl,1900,39,2.16,1159.0,Medium,Commercial,City + Apartments,Orlando,Yes,Yes,T1,5,Long Tail,Yes,Local intent,Semrush
low income apartments orlando,1600,34,1.05,1056.0,Medium,Commercial,Price / Budget,Orlando,Yes,Yes,T1,4,Long Tail,Yes,Local intent,Semrush
apartment for rent orlando,1900,45,0.97,1045.0,Medium,Commercial,City + Apartments,Orlando,Yes,Yes,T1,4,Long Tail,Yes,Local intent,Semrush
studio apartments orlando,1600,35,0.82,1040.0,Medium,Commercial,Bedroom Type,Orlando,No,Yes,T1,3,Long Tail,Yes,Local intent,Semrush
citi lakes,1300,26,1.05,962.0,Easy,Navigational,Branded,Orlando,No,Yes,T1,2,Quick Win,Yes,Own brand,Semrush
aqua at millenia,1600,40,0.57,960.0,Medium,Commercial,Out of Market,Orlando,No,Yes,T1,3,Long Tail,No,Wrong market/submarket,Semrush
millenia 700 apartment,1300,27,1.34,949.0,Easy,Commercial,Out of Market,Orlando,No,Yes,T1,3,Long Tail,No,Wrong market/submarket,Semrush
indigo west apartments orlando,1300,28,1.16,936.0,Easy,Commercial,City + Apartments,Orlando,Yes,Yes,T1,4,Long Tail,Yes,Local intent,Semrush
apartments for cheap in orlando,1300,29,0.79,923.0,Easy,Commercial,Price / Budget,Orlando,Yes,Yes,T1,5,Long Tail,Yes,Local intent,Semrush
upscale apartments orlando,1600,43,1.74,912.0,Medium,Commercial,Luxury,Orlando,No,Yes,T1,3,Long Tail,Yes,Local intent,Semrush
student apartments orlando,1300,35,2.63,845.0,Medium,Commercial,Bedroom Type,Orlando,No,Yes,T1,3,Long Tail,Yes,Local intent,Semrush
apartment complexes in orlando,1300,39,1.04,793.0,Medium,Commercial,City + Apartments,Orlando,Yes,Yes,T1,4,Long Tail,Yes,Local intent,Semrush
2 bed apartment orlando,1000,23,1.45,770.0,Easy,Commercial,Bedroom Type,Orlando,Yes,Yes,T1,4,Long Tail,Yes,Local intent,Semrush
2 bedroom apartments orlando,1000,23,1.23,770.0,Easy,Commercial,Bedroom Type,Orlando,Yes,Yes,T1,4,Long Tail,Yes,Local intent,Semrush
cheap apartments in orlando fl,1300,41,0.78,767.0,Medium,Commercial,Price / Budget,Orlando,Yes,Yes,T1,5,Long Tail,Yes,Local intent,Semrush
efficiency apartments in orlando florida,1300,42,0.81,754.0,Medium,Commercial,Bedroom Type,Orlando,Yes,Yes,T1,5,Long Tail,Yes,Local intent,Semrush
1 bedroom apartments orlando,1000,32,1.1,680.0,Medium,Commercial,Bedroom Type,Orlando,Yes,Yes,T1,4,Long Tail,Yes,Local intent,Semrush
3 bedroom apartments orlando,880,24,1.79,668.8,Easy,Commercial,Bedroom Type,Orlando,Yes,Yes,T1,4,Long Tail,Yes,Local intent,Semrush
town vineland - luxury apartments,1000,34,1.12,660.0,Medium,Navigational,Competitor (Town Vineland),Orlando,Yes,Yes,T1,5,Gap,Yes,Top competitor - comparison/gap,Semrush
town vineland,1000,35,1.39,650.0,Medium,Navigational,Competitor (Town Vineland),Orlando,No,Yes,T1,2,Gap,Yes,Top competitor - comparison/gap,Semrush
single bedroom apartments orlando,1000,42,1.04,580.0,Medium,Commercial,Bedroom Type,Orlando,Yes,Yes,T1,4,Long Tail,Yes,Local intent,Semrush
vineland landings apartments,720,26,0.53,532.8,Easy,Navigational,Competitor (Vineland Landings),Orlando,No,Yes,T1,3,Gap,Yes,Top competitor - comparison/gap,Semrush
indigo west orlando,720,29,1.02,511.2,Easy,Commercial,General / Other,Orlando,No,Yes,T1,3,Long Tail,Yes,Local intent,Semrush
apartments near disney world,720,36,2.12,460.8,Medium,Transactional,Near Landmark,Orlando,Yes,Yes,T1,4,Long Tail,Yes,Local intent,Semrush
studio parc apartments,590,28,0.99,424.8,Easy,Navigational,Competitor (Studio Parc),Orlando,No,Yes,T1,3,Gap,Yes,Top competitor - comparison/gap,Semrush
two bedroom apartments orlando,480,16,1.23,403.2,Easy,Commercial,Bedroom Type,Orlando,Yes,Yes,T2,4,Long Tail,Yes,Local intent,Semrush
new apartments orlando,390,22,1.94,304.2,Easy,Commercial,Property / Renter Type,Orlando,No,Yes,T2,3,Long Tail,Yes,Local intent,Semrush
paros vineland apartments,390,28,10.96,280.8,Easy,Navigational,Competitor (Paros Vineland),Orlando,No,Yes,T2,3,Gap,Yes,Top competitor - comparison/gap,Semrush
apartments near seaworld orlando,320,22,1.43,249.6,Easy,Transactional,Near Landmark,Orlando,Yes,Yes,T2,4,Long Tail,Yes,Local intent,Semrush
apartments near universal studios orlando,390,36,2.47,249.6,Medium,Transactional,Near Landmark,Orlando,Yes,Yes,T2,5,Long Tail,Yes,Local intent,Semrush
vineland landings,320,23,0.56,246.4,Easy,Navigational,Competitor (Vineland Landings),Orlando,No,Yes,T2,2,Gap,Yes,Top competitor - comparison/gap,Semrush
studio parc apartments orlando,320,27,0.88,233.6,Easy,Navigational,Competitor (Studio Parc),Orlando,Yes,Yes,T2,4,Gap,Yes,Top competitor - comparison/gap,Semrush
3 bedroom apartments orlando fl,260,18,1.79,213.2,Easy,Commercial,Bedroom Type,Orlando,Yes,Yes,T2,5,Long Tail,Yes,Local intent,Semrush
two bedroom apartments in orlando,260,21,1.45,205.4,Easy,Commercial,Bedroom Type,Orlando,Yes,Yes,T2,5,Long Tail,Yes,Local intent,Semrush
citi lakes apartments,260,27,2.29,189.8,Easy,Navigational,Branded,Orlando,No,Yes,T2,3,Quick Win,Yes,Own brand,Semrush
apartments near universal orlando,390,53,3.09,183.3,Hard,Transactional,Near Landmark,Orlando,Yes,Yes,T2,4,Long Tail,Yes,Local intent,Semrush
town vineland apartments,260,33,1.26,174.2,Medium,Navigational,Competitor (Town Vineland),Orlando,No,Yes,T2,3,Gap,Yes,Top competitor - comparison/gap,Semrush
2 bedroom apartment orlando,210,18,1.45,172.2,Easy,Commercial,Bedroom Type,Orlando,Yes,Yes,T2,4,Long Tail,Yes,Local intent,Semrush
orlando 2 bedroom apartments,210,25,1.23,157.5,Easy,Commercial,Bedroom Type,Orlando,Yes,Yes,T2,4,Long Tail,Yes,Local intent,Semrush
luxury apartments in nsa orlando fl,210,26,1.74,155.4,Easy,Commercial,Luxury,Orlando,Yes,Yes,T2,6,Long Tail,Yes,Local intent,Semrush
pet friendly apartments orlando,210,30,1.33,147.0,Easy,Commercial,Pet Friendly,Orlando,Yes,Yes,T2,4,Long Tail,Yes,Local intent,Semrush
apartments near seaworld,170,19,1.81,137.7,Easy,Transactional,Near Landmark,Orlando,No,Yes,T2,3,Long Tail,Yes,Local intent,Semrush
apartments near lake buena vista,170,21,3.24,134.3,Easy,Transactional,Near Landmark,Orlando,Yes,Yes,T2,5,Long Tail,Yes,Local intent,Semrush
cost of living orlando fl,170,25,0.71,127.5,Easy,Commercial,Price / Budget,Orlando,Yes,Yes,T2,5,Long Tail,Yes,Local intent,Semrush
apartments with smart home tech in south orlando fl,140,10,0.0,126.0,Very Easy,Commercial,Amenity,Orlando,Yes,Yes,T2,9,Long Tail,Yes,Local intent,Semrush
paros vineland,170,31,0.9,117.3,Medium,Navigational,Competitor (Paros Vineland),Orlando,No,Yes,T2,2,Gap,Yes,Top competitor - comparison/gap,Semrush
orlando 3 bedroom apartments,140,23,1.79,107.8,Easy,Commercial,Bedroom Type,Orlando,Yes,Yes,T2,4,Long Tail,Yes,Local intent,Semrush
apartments on international drive,170,39,2.01,103.7,Medium,Commercial,City + Apartments,Orlando,Yes,Yes,T2,4,Long Tail,Yes,Local intent,Semrush
2 bedroom apartments in orlando fl,110,20,1.23,88.0,Easy,Commercial,Bedroom Type,Orlando,Yes,Yes,T2,6,Long Tail,Yes,Local intent,Semrush
2 bedroom apartments for rent in orlando fl,110,23,0.96,84.7,Easy,Commercial,Bedroom Type,Orlando,Yes,Yes,T2,8,Long Tail,Yes,Local intent,Semrush
brand new apartments in orlando,140,41,2.05,82.6,Medium,Commercial,Property / Renter Type,Orlando,Yes,Yes,T2,5,Long Tail,Yes,Local intent,Semrush
lake view apartments orlando,110,27,1.59,80.3,Easy,Commercial,City + Apartments,Orlando,Yes,Yes,T2,4,Long Tail,Yes,Local intent,Semrush
luxury apartments in south orlando fl,140,47,1.74,74.2,Hard,Commercial,Luxury,Orlando,Yes,Yes,T2,6,Long Tail,Yes,Local intent,Semrush
new apartment complexes in orlando,110,36,1.93,70.4,Medium,Commercial,City + Apartments,Orlando,Yes,Yes,T2,5,Long Tail,Yes,Local intent,Semrush
apartments with gourmet kitchens in south orlando fl,90,25,0.0,67.5,Easy,Commercial,Amenity,Orlando,Yes,Yes,T2,8,Long Tail,Yes,Local intent,Semrush
one bedroom apartments in orlando florida,90,30,1.06,63.0,Easy,Commercial,Bedroom Type,Orlando,Yes,Yes,T2,6,Long Tail,Yes,Local intent,Semrush
3 bedroom apartment orlando,70,15,2.03,59.5,Very Easy,Commercial,Bedroom Type,Orlando,Yes,Yes,T2,4,Long Tail,Yes,Local intent,Semrush
2 bedroom apartments for rent orlando fl,70,19,0.96,56.7,Easy,Commercial,Bedroom Type,Orlando,Yes,Yes,T2,7,Long Tail,Yes,Local intent,Semrush
citi lakes reviews,70,19,0.85,56.7,Easy,Navigational,Branded,Orlando,No,Yes,T2,3,Quick Win,Yes,Own brand,Semrush
3 bedroom apartment orlando florida,70,21,1.79,55.3,Easy,Commercial,Bedroom Type,Orlando,Yes,Yes,T2,5,Long Tail,Yes,Local intent,Semrush
citi lakes apartments orlando fl,70,25,1.32,52.5,Easy,Navigational,Branded,Orlando,Yes,Yes,T2,5,Quick Win,Yes,Own brand,Semrush
citi lakes orlando,70,26,1.32,51.8,Easy,Navigational,Branded,Orlando,No,Yes,T2,3,Quick Win,Yes,Own brand,Semrush
2 bedroom apartments in south orlando fl,70,27,0.0,51.1,Easy,Commercial,Bedroom Type,Orlando,Yes,Yes,T2,7,Long Tail,Yes,Local intent,Semrush
apartments in dr phillips orlando,70,33,1.5,46.9,Medium,Commercial,City + Apartments,Orlando,Yes,Yes,T2,5,Long Tail,Yes,Local intent,Semrush
tech-enabled apartments in south orlando fl,70,37,0.0,44.1,Medium,Commercial,City + Apartments,Orlando,Yes,Yes,T2,6,Long Tail,Yes,Local intent,Semrush
three bedroom apartments orlando,50,15,2.03,42.5,Very Easy,Commercial,Bedroom Type,Orlando,Yes,Yes,T2,4,Long Tail,Yes,Local intent,Semrush
apartments near sea world,40,15,2.33,34.0,Very Easy,Transactional,Near Landmark,Orlando,Yes,Yes,T2,4,Long Tail,Yes,Local intent,Semrush
apartments near vineland outlets,30,0,1.73,30.0,Very Easy,Transactional,Near Landmark,Orlando,Yes,Yes,T2,4,Long Tail,Yes,Local intent,Semrush
average rent orlando fl,30,0,0.58,30.0,Very Easy,Commercial,Price / Budget,Orlando,Yes,Yes,T2,4,Long Tail,Yes,Local intent,Semrush
moving to orlando fl,30,7,3.88,27.9,Very Easy,Informational,Renter Education,Orlando,Yes,Yes,T2,4,Informational,Yes,Local intent,Semrush
apartments near international drive orlando,30,28,2.37,21.6,Easy,Transactional,Near Landmark,Orlando,Yes,Yes,T2,5,Long Tail,Yes,Local intent,Semrush
apartments near disney orlando,20,0,2.0,20.0,Very Easy,Transactional,Near Landmark,Orlando,Yes,Yes,T2,4,Long Tail,Yes,Local intent,Semrush
apartments near lockheed martin orlando,20,0,1.5,20.0,Very Easy,Transactional,Near Landmark,Orlando,Yes,Yes,T2,5,Long Tail,Yes,Local intent,Semrush
apartments near sea world orlando fl,20,0,0.0,20.0,Very Easy,Transactional,Near Landmark,Orlando,Yes,Yes,T2,6,Long Tail,Yes,Local intent,Semrush
disney cast member apartments,20,0,2.21,20.0,Very Easy,Commercial,City + Apartments,Orlando,Yes,Yes,T2,4,Long Tail,Yes,Local intent,Semrush
resort style apartments orlando,20,0,1.47,20.0,Very Easy,Commercial,Luxury,Orlando,Yes,Yes,T2,4,Long Tail,Yes,Local intent,Semrush
waterfront apartments orlando,20,0,0,20.0,Very Easy,Commercial,City + Apartments,Orlando,No,Yes,T2,3,Long Tail,Yes,Local intent,Semrush
apartments near orange county convention center,10,0,0.0,10.0,Very Easy,Transactional,Near Landmark,Orlando,Yes,Yes,T2,6,Long Tail,Yes,Local intent,Semrush
universal team member housing,10,0,0.0,10.0,Very Easy,Commercial,General / Other,Orlando,Yes,Yes,T2,4,Long Tail,Yes,Local intent,Semrush
1 bedroom apartments for rent orlando,0,0,0.0,0.0,Very Easy,Commercial,Bedroom Type,Orlando,Yes,Yes,T2,6,Long Tail,Yes,Intent-generated long-tail (unverified volume - AEO target),Generated (AEO)
1 bedroom apartments near international drive,0,0,0.0,0.0,Very Easy,Transactional,Near Landmark,Orlando,Yes,Yes,T2,6,Long Tail,Yes,Intent-generated long-tail (unverified volume - AEO target),Generated (AEO)
1 bedroom apartments near lake buena vista,0,0,0.0,0.0,Very Easy,Transactional,Near Landmark,Orlando,Yes,Yes,T2,7,Long Tail,Yes,Intent-generated long-tail (unverified volume - AEO target),Generated (AEO)
1 bedroom apartments near orange county convention center,0,0,0.0,0.0,Very Easy,Transactional,Near Landmark,Orlando,Yes,Yes,T2,8,Long Tail,Yes,Intent-generated long-tail (unverified volume - AEO target),Generated (AEO)
1 bedroom apartments near seaworld,0,0,0.0,0.0,Very Easy,Transactional,Near Landmark,Orlando,Yes,Yes,T2,5,Long Tail,Yes,Intent-generated long-tail (unverified volume - AEO target),Generated (AEO)
1 bedroom apartments near universal orlando,0,0,0.0,0.0,Very Easy,Transactional,Near Landmark,Orlando,Yes,Yes,T2,6,Long Tail,Yes,Intent-generated long-tail (unverified volume - AEO target),Generated (AEO)
1 bedroom apartments near vineland premium outlets,0,0,0.0,0.0,Very Easy,Transactional,Near Landmark,Orlando,Yes,Yes,T2,7,Long Tail,Yes,Intent-generated long-tail (unverified volume - AEO target),Generated (AEO)
1 bedroom apartments orlando under 1500,0,0,0.0,0.0,Very Easy,Commercial,Address / Navigational,Orlando,Yes,Yes,T2,6,Long Tail,No,No article intent,Generated (AEO)
1 bedroom apartments southwest orlando,0,0,0.0,0.0,Very Easy,Commercial,Bedroom Type,Orlando,Yes,Yes,T2,5,Long Tail,Yes,Intent-generated long-tail (unverified volume - AEO target),Generated (AEO)
1 bedroom apartments vineland,0,0,0.0,0.0,Very Easy,Commercial,Bedroom Type,Orlando,Yes,Yes,T2,4,Long Tail,Yes,Intent-generated long-tail (unverified volume - AEO target),Generated (AEO)
1 bedroom apartments westwood blvd,0,0,0.0,0.0,Very Easy,Commercial,Bedroom Type,Orlando,Yes,Yes,T2,5,Long Tail,Yes,Intent-generated long-tail (unverified volume - AEO target),Generated (AEO)
1 bedroom pet friendly apartments orlando,0,0,0.0,0.0,Very Easy,Commercial,Bedroom Type,Orlando,Yes,Yes,T2,6,Long Tail,Yes,Intent-generated long-tail (unverified volume - AEO target),Generated (AEO)
2 bedroom apartments for rent orlando,0,0,0.0,0.0,Very Easy,Commercial,Bedroom Type,Orlando,Yes,Yes,T2,6,Long Tail,Yes,Intent-generated long-tail (unverified volume - AEO target),Generated (AEO)
2 bedroom apartments near international drive,0,0,0.0,0.0,Very Easy,Transactional,Near Landmark,Orlando,Yes,Yes,T2,6,Long Tail,Yes,Intent-generated long-tail (unverified volume - AEO target),Generated (AEO)
2 bedroom apartments near seaworld,0,0,0.0,0.0,Very Easy,Transactional,Near Landmark,Orlando,Yes,Yes,T2,5,Long Tail,Yes,Intent-generated long-tail (unverified volume - AEO target),Generated (AEO)
2 bedroom apartments near vineland premium outlets,0,0,0.0,0.0,Very Easy,Transactional,Near Landmark,Orlando,Yes,Yes,T2,7,Long Tail,Yes,Intent-generated long-tail (unverified volume - AEO target),Generated (AEO)
2 bedroom apartments orlando under 1500,0,0,0.0,0.0,Very Easy,Commercial,Address / Navigational,Orlando,Yes,Yes,T2,6,Long Tail,No,No article intent,Generated (AEO)
2 bedroom apartments southwest orlando,0,0,0.0,0.0,Very Easy,Commercial,Bedroom Type,Orlando,Yes,Yes,T2,5,Long Tail,Yes,Intent-generated long-tail (unverified volume - AEO target),Generated (AEO)
2 bedroom apartments vineland,0,0,0.0,0.0,Very Easy,Commercial,Bedroom Type,Orlando,Yes,Yes,T2,4,Long Tail,Yes,Intent-generated long-tail (unverified volume - AEO target),Generated (AEO)
2 bedroom apartments westwood blvd,0,0,0.0,0.0,Very Easy,Commercial,Bedroom Type,Orlando,Yes,Yes,T2,5,Long Tail,Yes,Intent-generated long-tail (unverified volume - AEO target),Generated (AEO)
2 bedroom pet friendly apartments orlando,0,0,0.0,0.0,Very Easy,Commercial,Bedroom Type,Orlando,Yes,Yes,T2,6,Long Tail,Yes,Intent-generated long-tail (unverified volume - AEO target),Generated (AEO)
3 bedroom apartments for rent orlando,0,0,0.0,0.0,Very Easy,Commercial,Bedroom Type,Orlando,Yes,Yes,T2,6,Long Tail,Yes,Intent-generated long-tail (unverified volume - AEO target),Generated (AEO)
3 bedroom apartments near international drive,0,0,0.0,0.0,Very Easy,Transactional,Near Landmark,Orlando,Yes,Yes,T2,6,Long Tail,Yes,Intent-generated long-tail (unverified volume - AEO target),Generated (AEO)
3 bedroom apartments near seaworld,0,0,0.0,0.0,Very Easy,Transactional,Near Landmark,Orlando,Yes,Yes,T2,5,Long Tail,Yes,Intent-generated long-tail (unverified volume - AEO target),Generated (AEO)
3 bedroom apartments near vineland premium outlets,0,0,0.0,0.0,Very Easy,Transactional,Near Landmark,Orlando,Yes,Yes,T2,7,Long Tail,Yes,Intent-generated long-tail (unverified volume - AEO target),Generated (AEO)
3 bedroom apartments orlando under 1500,0,0,0.0,0.0,Very Easy,Commercial,Address / Navigational,Orlando,Yes,Yes,T2,6,Long Tail,No,No article intent,Generated (AEO)
3 bedroom pet friendly apartments orlando,0,0,0.0,0.0,Very Easy,Commercial,Bedroom Type,Orlando,Yes,Yes,T2,6,Long Tail,Yes,Intent-generated long-tail (unverified volume - AEO target),Generated (AEO)
all in cost of renting in orlando,0,0,0.0,0.0,Very Easy,Commercial,General / Other,Orlando,Yes,Yes,T2,7,Long Tail,Yes,Intent-generated long-tail (unverified volume - AEO target),Generated (AEO)
apartment application fees orlando,0,0,0.0,0.0,Very Easy,Commercial,City + Apartments,Orlando,Yes,Yes,T2,4,Long Tail,Yes,Intent-generated long-tail (unverified volume - AEO target),Generated (AEO)
apartment vs townhome renting,0,0,0.0,0.0,Very Easy,Commercial,Property / Renter Type,Orlando,Yes,Yes,T2,4,Long Tail,Yes,Intent-generated long-tail (unverified volume - AEO target),Generated (AEO)
apartments for commuters orlando,0,0,0.0,0.0,Very Easy,Commercial,City + Apartments,Orlando,Yes,Yes,T2,4,Long Tail,Yes,Intent-generated long-tail (unverified volume - AEO target),Generated (AEO)
apartments for graduate students orlando,0,0,0.0,0.0,Very Easy,Commercial,Bedroom Type,Orlando,Yes,Yes,T2,5,Long Tail,Yes,Intent-generated long-tail (unverified volume - AEO target),Generated (AEO)
apartments for pet owners orlando,0,0,0.0,0.0,Very Easy,Commercial,Pet Friendly,Orlando,Yes,Yes,T2,5,Long Tail,Yes,Intent-generated long-tail (unverified volume - AEO target),Generated (AEO)
apartments for remote workers orlando,0,0,0.0,0.0,Very Easy,Commercial,City + Apartments,Orlando,Yes,Yes,T2,5,Long Tail,Yes,Intent-generated long-tail (unverified volume - AEO target),Generated (AEO)
apartments for travel nurses orlando,0,0,0.0,0.0,Very Easy,Commercial,City + Apartments,Orlando,Yes,Yes,T2,5,Long Tail,Yes,Intent-generated long-tail (unverified volume - AEO target),Generated (AEO)
apartments for young professionals orlando,0,0,0.0,0.0,Very Easy,Commercial,City + Apartments,Orlando,Yes,Yes,T2,5,Long Tail,Yes,Intent-generated long-tail (unverified volume - AEO target),Generated (AEO)
apartments in southwest orlando,0,0,0.0,0.0,Very Easy,Commercial,City + Apartments,Orlando,Yes,Yes,T2,4,Long Tail,Yes,Intent-generated long-tail (unverified volume - AEO target),Generated (AEO)
apartments in vineland,0,0,0.0,0.0,Very Easy,Commercial,City + Apartments,Orlando,No,Yes,T2,3,Long Tail,Yes,Intent-generated long-tail (unverified volume - AEO target),Generated (AEO)
apartments in westwood blvd,0,0,0.0,0.0,Very Easy,Commercial,City + Apartments,Orlando,Yes,Yes,T2,4,Long Tail,No,No local relevance,Generated (AEO)
apartments near international drive,0,0,0.0,0.0,Very Easy,Transactional,Near Landmark,Orlando,Yes,Yes,T2,4,Long Tail,Yes,Intent-generated long-tail (unverified volume - AEO target),Generated (AEO)
apartments near vineland premium outlets,0,0,0.0,0.0,Very Easy,Transactional,Near Landmark,Orlando,Yes,Yes,T2,5,Long Tail,Yes,Intent-generated long-tail (unverified volume - AEO target),Generated (AEO)
apartments orlando under 1200,0,0,0.0,0.0,Very Easy,Commercial,Address / Navigational,Orlando,Yes,Yes,T2,4,Long Tail,No,No article intent,Generated (AEO)
apartments orlando under 1500,0,0,0.0,0.0,Very Easy,Commercial,Address / Navigational,Orlando,Yes,Yes,T2,4,Long Tail,No,No article intent,Generated (AEO)
apartments orlando under 2000,0,0,0.0,0.0,Very Easy,Commercial,Address / Navigational,Orlando,Yes,Yes,T2,4,Long Tail,No,No article intent,Generated (AEO)
apartments that allow large dogs orlando,0,0,0.0,0.0,Very Easy,Commercial,Pet Friendly,Orlando,Yes,Yes,T2,6,Long Tail,Yes,Intent-generated long-tail (unverified volume - AEO target),Generated (AEO)
apartments with cabanas orlando,0,0,0.0,0.0,Very Easy,Commercial,Amenity,Orlando,Yes,Yes,T2,4,Long Tail,Yes,Intent-generated long-tail (unverified volume - AEO target),Generated (AEO)
apartments with cabanas southwest orlando,0,0,0.0,0.0,Very Easy,Commercial,Amenity,Orlando,Yes,Yes,T2,5,Long Tail,Yes,Intent-generated long-tail (unverified volume - AEO target),Generated (AEO)
apartments with cabanas westwood blvd,0,0,0.0,0.0,Very Easy,Commercial,Amenity,Orlando,Yes,Yes,T2,5,Long Tail,Yes,Intent-generated long-tail (unverified volume - AEO target),Generated (AEO)
apartments with lake view orlando,0,0,0.0,0.0,Very Easy,Commercial,City + Apartments,Orlando,Yes,Yes,T2,5,Long Tail,Yes,Intent-generated long-tail (unverified volume - AEO target),Generated (AEO)
apartments with lake view southwest orlando,0,0,0.0,0.0,Very Easy,Commercial,City + Apartments,Orlando,Yes,Yes,T2,6,Long Tail,Yes,Intent-generated long-tail (unverified volume - AEO target),Generated (AEO)
apartments with lake view westwood blvd,0,0,0.0,0.0,Very Easy,Commercial,City + Apartments,Orlando,Yes,Yes,T2,6,Long Tail,No,No local relevance,Generated (AEO)
apartments with lakeside gazebo orlando,0,0,0.0,0.0,Very Easy,Commercial,City + Apartments,Orlando,Yes,Yes,T2,5,Long Tail,Yes,Intent-generated long-tail (unverified volume - AEO target),Generated (AEO)
apartments with lakeside gazebo southwest orlando,0,0,0.0,0.0,Very Easy,Commercial,City + Apartments,Orlando,Yes,Yes,T2,6,Long Tail,Yes,Intent-generated long-tail (unverified volume - AEO target),Generated (AEO)
apartments with lakeside gazebo westwood blvd,0,0,0.0,0.0,Very Easy,Commercial,City + Apartments,Orlando,Yes,Yes,T2,6,Long Tail,No,No local relevance,Generated (AEO)
apartments with move in specials orlando,0,0,0.0,0.0,Very Easy,Commercial,Price / Budget,Orlando,Yes,Yes,T2,6,Long Tail,Yes,Intent-generated long-tail (unverified volume - AEO target),Generated (AEO)
apartments with pet park orlando,0,0,0.0,0.0,Very Easy,Commercial,Pet Friendly,Orlando,Yes,Yes,T2,5,Long Tail,Yes,Intent-generated long-tail (unverified volume - AEO target),Generated (AEO)
apartments with pet park southwest orlando,0,0,0.0,0.0,Very Easy,Commercial,Pet Friendly,Orlando,Yes,Yes,T2,6,Long Tail,Yes,Intent-generated long-tail (unverified volume - AEO target),Generated (AEO)
apartments with pet park westwood blvd,0,0,0.0,0.0,Very Easy,Commercial,Pet Friendly,Orlando,Yes,Yes,T2,6,Long Tail,Yes,Intent-generated long-tail (unverified volume - AEO target),Generated (AEO)
apartments with same day approval orlando,0,0,0.0,0.0,Very Easy,Commercial,City + Apartments,Orlando,Yes,Yes,T2,6,Long Tail,Yes,Intent-generated long-tail (unverified volume - AEO target),Generated (AEO)
apartments with spin studio orlando,0,0,0.0,0.0,Very Easy,Commercial,Bedroom Type,Orlando,Yes,Yes,T2,5,Long Tail,Yes,Intent-generated long-tail (unverified volume - AEO target),Generated (AEO)
apartments with spin studio southwest orlando,0,0,0.0,0.0,Very Easy,Commercial,Bedroom Type,Orlando,Yes,Yes,T2,6,Long Tail,Yes,Intent-generated long-tail (unverified volume - AEO target),Generated (AEO)
apartments with spin studio westwood blvd,0,0,0.0,0.0,Very Easy,Commercial,Bedroom Type,Orlando,Yes,Yes,T2,6,Long Tail,Yes,Intent-generated long-tail (unverified volume - AEO target),Generated (AEO)
apartments with waterfront balcony orlando,0,0,0.0,0.0,Very Easy,Commercial,Amenity,Orlando,Yes,Yes,T2,5,Long Tail,Yes,Intent-generated long-tail (unverified volume - AEO target),Generated (AEO)
apartments with waterfront balcony southwest orlando,0,0,0.0,0.0,Very Easy,Commercial,Amenity,Orlando,Yes,Yes,T2,6,Long Tail,Yes,Intent-generated long-tail (unverified volume - AEO target),Generated (AEO)
apartments with waterfront balcony westwood blvd,0,0,0.0,0.0,Very Easy,Commercial,Amenity,Orlando,Yes,Yes,T2,6,Long Tail,Yes,Intent-generated long-tail (unverified volume - AEO target),Generated (AEO)
apartments with zero entry pool orlando,0,0,0.0,0.0,Very Easy,Commercial,Amenity,Orlando,Yes,Yes,T2,6,Long Tail,Yes,Intent-generated long-tail (unverified volume - AEO target),Generated (AEO)
apartments with zero entry pool southwest orlando,0,0,0.0,0.0,Very Easy,Commercial,Amenity,Orlando,Yes,Yes,T2,7,Long Tail,Yes,Intent-generated long-tail (unverified volume - AEO target),Generated (AEO)
apartments with zero entry pool westwood blvd,0,0,0.0,0.0,Very Easy,Commercial,Amenity,Orlando,Yes,Yes,T2,7,Long Tail,Yes,Intent-generated long-tail (unverified volume - AEO target),Generated (AEO)
apartments within walking distance of international drive,0,0,0.0,0.0,Very Easy,Transactional,Near Landmark,Orlando,Yes,Yes,T2,7,Long Tail,Yes,Intent-generated long-tail (unverified volume - AEO target),Generated (AEO)
apartments within walking distance of lake buena vista,0,0,0.0,0.0,Very Easy,Transactional,Near Landmark,Orlando,Yes,Yes,T2,8,Long Tail,Yes,Intent-generated long-tail (unverified volume - AEO target),Generated (AEO)
apartments within walking distance of orange county convention center,0,0,0.0,0.0,Very Easy,Transactional,Near Landmark,Orlando,Yes,Yes,T2,9,Long Tail,Yes,Intent-generated long-tail (unverified volume - AEO target),Generated (AEO)
apartments within walking distance of seaworld,0,0,0.0,0.0,Very Easy,Transactional,Near Landmark,Orlando,Yes,Yes,T2,6,Long Tail,Yes,Intent-generated long-tail (unverified volume - AEO target),Generated (AEO)
apartments within walking distance of universal orlando,0,0,0.0,0.0,Very Easy,Transactional,Near Landmark,Orlando,Yes,Yes,T2,7,Long Tail,Yes,Intent-generated long-tail (unverified volume - AEO target),Generated (AEO)
apartments within walking distance of vineland premium outlets,0,0,0.0,0.0,Very Easy,Transactional,Near Landmark,Orlando,Yes,Yes,T2,8,Long Tail,Yes,Intent-generated long-tail (unverified volume - AEO target),Generated (AEO)
average rent southwest orlando,0,0,0.0,0.0,Very Easy,Commercial,Price / Budget,Orlando,Yes,Yes,T2,4,Long Tail,Yes,Intent-generated long-tail (unverified volume - AEO target),Generated (AEO)
average rent vineland,0,0,0.0,0.0,Very Easy,Commercial,Price / Budget,Orlando,No,Yes,T2,3,Long Tail,Yes,Intent-generated long-tail (unverified volume - AEO target),Generated (AEO)
average rent westwood blvd,0,0,0.0,0.0,Very Easy,Commercial,Price / Budget,Orlando,Yes,Yes,T2,4,Long Tail,Yes,Intent-generated long-tail (unverified volume - AEO target),Generated (AEO)
best apartments in orlando for commuters,0,0,0.0,0.0,Very Easy,Commercial,Luxury,Orlando,Yes,Yes,T2,6,Long Tail,Yes,Intent-generated long-tail (unverified volume - AEO target),Generated (AEO)
best apartments in orlando for graduate students,0,0,0.0,0.0,Very Easy,Commercial,Bedroom Type,Orlando,Yes,Yes,T2,7,Long Tail,Yes,Intent-generated long-tail (unverified volume - AEO target),Generated (AEO)
best apartments in orlando for pet owners,0,0,0.0,0.0,Very Easy,Commercial,Luxury,Orlando,Yes,Yes,T2,7,Long Tail,Yes,Intent-generated long-tail (unverified volume - AEO target),Generated (AEO)
best apartments in orlando for remote workers,0,0,0.0,0.0,Very Easy,Commercial,Luxury,Orlando,Yes,Yes,T2,7,Long Tail,Yes,Intent-generated long-tail (unverified volume - AEO target),Generated (AEO)
best apartments in orlando for travel nurses,0,0,0.0,0.0,Very Easy,Commercial,Luxury,Orlando,Yes,Yes,T2,7,Long Tail,Yes,Intent-generated long-tail (unverified volume - AEO target),Generated (AEO)
best apartments in orlando for young professionals,0,0,0.0,0.0,Very Easy,Commercial,Luxury,Orlando,Yes,Yes,T2,7,Long Tail,Yes,Intent-generated long-tail (unverified volume - AEO target),Generated (AEO)
best apartments near international drive,0,0,0.0,0.0,Very Easy,Transactional,Near Landmark,Orlando,Yes,Yes,T2,5,Long Tail,Yes,Intent-generated long-tail (unverified volume - AEO target),Generated (AEO)
best apartments near lake buena vista,0,0,0.0,0.0,Very Easy,Transactional,Near Landmark,Orlando,Yes,Yes,T2,6,Long Tail,Yes,Intent-generated long-tail (unverified volume - AEO target),Generated (AEO)
best apartments near orange county convention center,0,0,0.0,0.0,Very Easy,Transactional,Near Landmark,Orlando,Yes,Yes,T2,7,Long Tail,Yes,Intent-generated long-tail (unverified volume - AEO target),Generated (AEO)
best apartments near seaworld,0,0,0.0,0.0,Very Easy,Transactional,Near Landmark,Orlando,Yes,Yes,T2,4,Long Tail,Yes,Intent-generated long-tail (unverified volume - AEO target),Generated (AEO)
best apartments near universal orlando,0,0,0.0,0.0,Very Easy,Transactional,Near Landmark,Orlando,Yes,Yes,T2,5,Long Tail,Yes,Intent-generated long-tail (unverified volume - AEO target),Generated (AEO)
best apartments near vineland premium outlets,0,0,0.0,0.0,Very Easy,Transactional,Near Landmark,Orlando,Yes,Yes,T2,6,Long Tail,Yes,Intent-generated long-tail (unverified volume - AEO target),Generated (AEO)
best time of year to rent in orlando,0,0,0.0,0.0,Very Easy,Commercial,General / Other,Orlando,Yes,Yes,T2,8,Long Tail,Yes,Intent-generated long-tail (unverified volume - AEO target),Generated (AEO)
cheap apartments near international drive,0,0,0.0,0.0,Very Easy,Transactional,Near Landmark,Orlando,Yes,Yes,T2,5,Long Tail,Yes,Intent-generated long-tail (unverified volume - AEO target),Generated (AEO)
cheap apartments near lake buena vista,0,0,0.0,0.0,Very Easy,Transactional,Near Landmark,Orlando,Yes,Yes,T2,6,Long Tail,Yes,Intent-generated long-tail (unverified volume - AEO target),Generated (AEO)
cheap apartments near orange county convention center,0,0,0.0,0.0,Very Easy,Transactional,Near Landmark,Orlando,Yes,Yes,T2,7,Long Tail,Yes,Intent-generated long-tail (unverified volume - AEO target),Generated (AEO)
cheap apartments near seaworld,0,0,0.0,0.0,Very Easy,Transactional,Near Landmark,Orlando,Yes,Yes,T2,4,Long Tail,Yes,Intent-generated long-tail (unverified volume - AEO target),Generated (AEO)
cheap apartments near universal orlando,0,0,0.0,0.0,Very Easy,Transactional,Near Landmark,Orlando,Yes,Yes,T2,5,Long Tail,Yes,Intent-generated long-tail (unverified volume - AEO target),Generated (AEO)
cheap apartments near vineland premium outlets,0,0,0.0,0.0,Very Easy,Transactional,Near Landmark,Orlando,Yes,Yes,T2,6,Long Tail,Yes,Intent-generated long-tail (unverified volume - AEO target),Generated (AEO)
cheap apartments southwest orlando,0,0,0.0,0.0,Very Easy,Commercial,Price / Budget,Orlando,Yes,Yes,T2,4,Long Tail,Yes,Intent-generated long-tail (unverified volume - AEO target),Generated (AEO)
cheap apartments vineland,0,0,0.0,0.0,Very Easy,Commercial,Price / Budget,Orlando,No,Yes,T2,3,Long Tail,Yes,Intent-generated long-tail (unverified volume - AEO target),Generated (AEO)
cheap apartments westwood blvd,0,0,0.0,0.0,Very Easy,Commercial,Price / Budget,Orlando,Yes,Yes,T2,4,Long Tail,Yes,Intent-generated long-tail (unverified volume - AEO target),Generated (AEO)
citi lakes amenities,0,0,0.0,0.0,Very Easy,Navigational,Branded,Orlando,No,Yes,T2,3,Quick Win,Yes,Intent-generated long-tail (unverified volume - AEO target),Generated (AEO)
citi lakes application requirements,0,0,0.0,0.0,Very Easy,Navigational,Branded,Orlando,Yes,Yes,T2,4,Quick Win,Yes,Intent-generated long-tail (unverified volume - AEO target),Generated (AEO)
citi lakes availability,0,0,0.0,0.0,Very Easy,Navigational,Branded,Orlando,No,Yes,T2,3,Quick Win,Yes,Intent-generated long-tail (unverified volume - AEO target),Generated (AEO)
citi lakes floor plans,0,0,0.0,0.0,Very Easy,Navigational,Branded,Orlando,Yes,Yes,T2,4,Quick Win,Yes,Intent-generated long-tail (unverified volume - AEO target),Generated (AEO)
citi lakes lease terms,0,0,0.0,0.0,Very Easy,Navigational,Branded,Orlando,Yes,Yes,T2,4,Quick Win,Yes,Intent-generated long-tail (unverified volume - AEO target),Generated (AEO)
citi lakes move in specials,0,0,0.0,0.0,Very Easy,Navigational,Branded,Orlando,Yes,Yes,T2,5,Quick Win,Yes,Intent-generated long-tail (unverified volume - AEO target),Generated (AEO)
citi lakes parking,0,0,0.0,0.0,Very Easy,Navigational,Branded,Orlando,No,Yes,T2,3,Quick Win,Yes,Intent-generated long-tail (unverified volume - AEO target),Generated (AEO)
citi lakes pet policy,0,0,0.0,0.0,Very Easy,Navigational,Branded,Orlando,Yes,Yes,T2,4,Quick Win,Yes,Intent-generated long-tail (unverified volume - AEO target),Generated (AEO)
citi lakes photos,0,0,0.0,0.0,Very Easy,Navigational,Branded,Orlando,No,Yes,T2,3,Quick Win,Yes,Intent-generated long-tail (unverified volume - AEO target),Generated (AEO)
citi lakes pricing,0,0,0.0,0.0,Very Easy,Navigational,Branded,Orlando,No,Yes,T2,3,Quick Win,Yes,Intent-generated long-tail (unverified volume - AEO target),Generated (AEO)
citi lakes resident reviews,0,0,0.0,0.0,Very Easy,Navigational,Branded,Orlando,Yes,Yes,T2,4,Quick Win,Yes,Intent-generated long-tail (unverified volume - AEO target),Generated (AEO)
citi lakes tour,0,0,0.0,0.0,Very Easy,Navigational,Branded,Orlando,No,Yes,T2,3,Quick Win,Yes,Intent-generated long-tail (unverified volume - AEO target),Generated (AEO)
citi lakes utilities included,0,0,0.0,0.0,Very Easy,Navigational,Branded,Orlando,Yes,Yes,T2,4,Quick Win,Yes,Intent-generated long-tail (unverified volume - AEO target),Generated (AEO)
citi lakes vs nearby apartments,0,0,0.0,0.0,Very Easy,Navigational,Branded,Orlando,Yes,Yes,T2,5,Quick Win,Yes,Intent-generated long-tail (unverified volume - AEO target),Generated (AEO)
citi lakes vs paros vineland,0,0,0.0,0.0,Very Easy,Navigational,Branded,Orlando,Yes,Yes,T2,5,Quick Win,Yes,Intent-generated long-tail (unverified volume - AEO target),Generated (AEO)
citi lakes vs perse,0,0,0.0,0.0,Very Easy,Navigational,Branded,Orlando,Yes,Yes,T2,4,Quick Win,Yes,Intent-generated long-tail (unverified volume - AEO target),Generated (AEO)
citi lakes vs studio parc,0,0,0.0,0.0,Very Easy,Navigational,Branded,Orlando,Yes,Yes,T2,5,Quick Win,Yes,Intent-generated long-tail (unverified volume - AEO target),Generated (AEO)
citi lakes vs town vineland,0,0,0.0,0.0,Very Easy,Navigational,Branded,Orlando,Yes,Yes,T2,5,Quick Win,Yes,Intent-generated long-tail (unverified volume - AEO target),Generated (AEO)
citi lakes vs vineland landings,0,0,0.0,0.0,Very Easy,Navigational,Branded,Orlando,Yes,Yes,T2,5,Quick Win,Yes,Intent-generated long-tail (unverified volume - AEO target),Generated (AEO)
commute from southwest orlando to international drive,0,0,0.0,0.0,Very Easy,Commercial,General / Other,Orlando,Yes,Yes,T2,7,Long Tail,Yes,Intent-generated long-tail (unverified volume - AEO target),Generated (AEO)
commute from southwest orlando to lake buena vista,0,0,0.0,0.0,Very Easy,Commercial,General / Other,Orlando,Yes,Yes,T2,8,Long Tail,Yes,Intent-generated long-tail (unverified volume - AEO target),Generated (AEO)
commute from southwest orlando to orange county convention center,0,0,0.0,0.0,Very Easy,Commercial,General / Other,Orlando,Yes,Yes,T2,9,Long Tail,Yes,Intent-generated long-tail (unverified volume - AEO target),Generated (AEO)
commute from southwest orlando to seaworld,0,0,0.0,0.0,Very Easy,Commercial,General / Other,Orlando,Yes,Yes,T2,6,Long Tail,Yes,Intent-generated long-tail (unverified volume - AEO target),Generated (AEO)
commute from southwest orlando to universal orlando,0,0,0.0,0.0,Very Easy,Commercial,General / Other,Orlando,Yes,Yes,T2,7,Long Tail,Yes,Intent-generated long-tail (unverified volume - AEO target),Generated (AEO)
commute from southwest orlando to vineland premium outlets,0,0,0.0,0.0,Very Easy,Commercial,General / Other,Orlando,Yes,Yes,T2,8,Long Tail,Yes,Intent-generated long-tail (unverified volume - AEO target),Generated (AEO)
corporate housing orlando,0,0,0.0,0.0,Very Easy,Commercial,General / Other,Orlando,No,Yes,T2,3,Long Tail,Yes,Intent-generated long-tail (unverified volume - AEO target),Generated (AEO)
does citi lakes have a pool,0,0,0.0,0.0,Very Easy,Navigational,Branded,Orlando,Yes,Yes,T2,6,Quick Win,Yes,Intent-generated long-tail (unverified volume - AEO target),Generated (AEO)
first time renter guide orlando,0,0,0.0,0.0,Very Easy,Informational,Renter Education,Orlando,Yes,Yes,T2,5,Informational,Yes,Intent-generated long-tail (unverified volume - AEO target),Generated (AEO)
gated apartments orlando,0,0,1.51,0.0,Very Easy,Commercial,Amenity,Orlando,No,Yes,T2,3,Long Tail,Yes,Local intent,Semrush
guest parking rules apartments orlando,0,0,0.0,0.0,Very Easy,Commercial,Amenity,Orlando,Yes,Yes,T2,5,Long Tail,Yes,Intent-generated long-tail (unverified volume - AEO target),Generated (AEO)
hidden fees when renting an apartment,0,0,0.0,0.0,Very Easy,Commercial,Bedroom Type,Orlando,Yes,Yes,T2,6,Long Tail,Yes,Intent-generated long-tail (unverified volume - AEO target),Generated (AEO)
how far is international drive from southwest orlando,0,0,0.0,0.0,Very Easy,Transactional,Near Landmark,Orlando,Yes,Yes,T2,8,Long Tail,Yes,Intent-generated long-tail (unverified volume - AEO target),Generated (AEO)
how far is lake buena vista from southwest orlando,0,0,0.0,0.0,Very Easy,Transactional,Near Landmark,Orlando,Yes,Yes,T2,9,Long Tail,Yes,Intent-generated long-tail (unverified volume - AEO target),Generated (AEO)
how far is orange county convention center from southwest orlando,0,0,0.0,0.0,Very Easy,Transactional,Near Landmark,Orlando,Yes,Yes,T2,10,Long Tail,Yes,Intent-generated long-tail (unverified volume - AEO target),Generated (AEO)
how far is seaworld from southwest orlando,0,0,0.0,0.0,Very Easy,Transactional,Near Landmark,Orlando,Yes,Yes,T2,7,Long Tail,Yes,Intent-generated long-tail (unverified volume - AEO target),Generated (AEO)
how far is universal orlando from southwest orlando,0,0,0.0,0.0,Very Easy,Transactional,Near Landmark,Orlando,Yes,Yes,T2,8,Long Tail,Yes,Intent-generated long-tail (unverified volume - AEO target),Generated (AEO)
how far is vineland premium outlets from southwest orlando,0,0,0.0,0.0,Very Easy,Transactional,Near Landmark,Orlando,Yes,Yes,T2,9,Long Tail,Yes,Intent-generated long-tail (unverified volume - AEO target),Generated (AEO)
how much does it cost to break a lease,0,0,0.0,0.0,Very Easy,Commercial,General / Other,Orlando,Yes,Yes,T2,9,Long Tail,No,No local relevance,Generated (AEO)
how much is rent at citi lakes,0,0,0.0,0.0,Very Easy,Navigational,Branded,Orlando,Yes,Yes,T2,7,Quick Win,Yes,Intent-generated long-tail (unverified volume - AEO target),Generated (AEO)
how to tour apartments in orlando,0,0,0.0,0.0,Very Easy,Informational,Renter Education,Orlando,Yes,Yes,T2,6,Informational,Yes,Intent-generated long-tail (unverified volume - AEO target),Generated (AEO)
income requirements apartment orlando,0,0,0.0,0.0,Very Easy,Commercial,Price / Budget,Orlando,Yes,Yes,T2,4,Long Tail,Yes,Intent-generated long-tail (unverified volume - AEO target),Generated (AEO)
is citi lakes pet friendly,0,0,0.0,0.0,Very Easy,Navigational,Branded,Orlando,Yes,Yes,T2,5,Quick Win,Yes,Intent-generated long-tail (unverified volume - AEO target),Generated (AEO)
is southwest orlando a good place to live,0,0,0.0,0.0,Very Easy,Informational,Renter Education,Orlando,Yes,Yes,T2,8,Informational,Yes,Intent-generated long-tail (unverified volume - AEO target),Generated (AEO)
is southwest orlando safe,0,0,0.0,0.0,Very Easy,Informational,Renter Education,Orlando,Yes,Yes,T2,4,Informational,Yes,Intent-generated long-tail (unverified volume - AEO target),Generated (AEO)
is vineland a good place to live,0,0,0.0,0.0,Very Easy,Informational,Renter Education,Orlando,Yes,Yes,T2,7,Informational,Yes,Intent-generated long-tail (unverified volume - AEO target),Generated (AEO)
is vineland safe,0,0,0.0,0.0,Very Easy,Informational,Renter Education,Orlando,No,Yes,T2,3,Informational,Yes,Intent-generated long-tail (unverified volume - AEO target),Generated (AEO)
is westwood blvd a good place to live,0,0,0.0,0.0,Very Easy,Informational,Renter Education,Orlando,Yes,Yes,T2,8,Informational,Yes,Intent-generated long-tail (unverified volume - AEO target),Generated (AEO)
is westwood blvd safe,0,0,0.0,0.0,Very Easy,Informational,Renter Education,Orlando,Yes,Yes,T2,4,Informational,Yes,Intent-generated long-tail (unverified volume - AEO target),Generated (AEO)
lease renewal negotiation tips,0,0,0.0,0.0,Very Easy,Commercial,General / Other,Orlando,Yes,Yes,T2,4,Long Tail,No,No local relevance,Generated (AEO)
living in southwest orlando,0,0,0.0,0.0,Very Easy,Informational,Renter Education,Orlando,Yes,Yes,T2,4,Informational,Yes,Intent-generated long-tail (unverified volume - AEO target),Generated (AEO)
living in vineland,0,0,0.0,0.0,Very Easy,Informational,Renter Education,Orlando,No,Yes,T2,3,Informational,Yes,Intent-generated long-tail (unverified volume - AEO target),Generated (AEO)
living in westwood blvd,0,0,0.0,0.0,Very Easy,Informational,Renter Education,Orlando,Yes,Yes,T2,4,Informational,Yes,Intent-generated long-tail (unverified volume - AEO target),Generated (AEO)
luxury apartments near international drive,0,0,0.0,0.0,Very Easy,Transactional,Near Landmark,Orlando,Yes,Yes,T2,5,Long Tail,Yes,Intent-generated long-tail (unverified volume - AEO target),Generated (AEO)
luxury apartments near lake buena vista,0,0,0.0,0.0,Very Easy,Transactional,Near Landmark,Orlando,Yes,Yes,T2,6,Long Tail,Yes,Intent-generated long-tail (unverified volume - AEO target),Generated (AEO)
luxury apartments near orange county convention center,0,0,0.0,0.0,Very Easy,Transactional,Near Landmark,Orlando,Yes,Yes,T2,7,Long Tail,Yes,Intent-generated long-tail (unverified volume - AEO target),Generated (AEO)
luxury apartments near seaworld,0,0,0.0,0.0,Very Easy,Transactional,Near Landmark,Orlando,Yes,Yes,T2,4,Long Tail,Yes,Intent-generated long-tail (unverified volume - AEO target),Generated (AEO)
luxury apartments near universal orlando,0,0,0.0,0.0,Very Easy,Transactional,Near Landmark,Orlando,Yes,Yes,T2,5,Long Tail,Yes,Intent-generated long-tail (unverified volume - AEO target),Generated (AEO)
luxury apartments near vineland premium outlets,0,0,0.0,0.0,Very Easy,Transactional,Near Landmark,Orlando,Yes,Yes,T2,6,Long Tail,Yes,Intent-generated long-tail (unverified volume - AEO target),Generated (AEO)
luxury apartments southwest orlando,0,0,0.0,0.0,Very Easy,Commercial,Luxury,Orlando,Yes,Yes,T2,4,Long Tail,Yes,Intent-generated long-tail (unverified volume - AEO target),Generated (AEO)
luxury apartments vineland,0,0,0.0,0.0,Very Easy,Commercial,Luxury,Orlando,No,Yes,T2,3,Long Tail,Yes,Intent-generated long-tail (unverified volume - AEO target),Generated (AEO)
luxury apartments westwood blvd,0,0,0.0,0.0,Very Easy,Commercial,Luxury,Orlando,Yes,Yes,T2,4,Long Tail,Yes,Intent-generated long-tail (unverified volume - AEO target),Generated (AEO)
month to month apartments orlando,0,0,0.0,0.0,Very Easy,Commercial,City + Apartments,Orlando,Yes,Yes,T2,5,Long Tail,Yes,Intent-generated long-tail (unverified volume - AEO target),Generated (AEO)
new 1 bedroom apartments orlando,0,0,0.0,0.0,Very Easy,Commercial,Bedroom Type,Orlando,Yes,Yes,T2,5,Long Tail,Yes,Intent-generated long-tail (unverified volume - AEO target),Generated (AEO)
new 2 bedroom apartments orlando,0,0,0.0,0.0,Very Easy,Commercial,Bedroom Type,Orlando,Yes,Yes,T2,5,Long Tail,Yes,Intent-generated long-tail (unverified volume - AEO target),Generated (AEO)
new 3 bedroom apartments orlando,0,0,0.0,0.0,Very Easy,Commercial,Bedroom Type,Orlando,Yes,Yes,T2,5,Long Tail,Yes,Intent-generated long-tail (unverified volume - AEO target),Generated (AEO)
new apartments near international drive,0,0,0.0,0.0,Very Easy,Transactional,Near Landmark,Orlando,Yes,Yes,T2,5,Long Tail,Yes,Intent-generated long-tail (unverified volume - AEO target),Generated (AEO)
new apartments near lake buena vista,0,0,0.0,0.0,Very Easy,Transactional,Near Landmark,Orlando,Yes,Yes,T2,6,Long Tail,Yes,Intent-generated long-tail (unverified volume - AEO target),Generated (AEO)
new apartments near orange county convention center,0,0,0.0,0.0,Very Easy,Transactional,Near Landmark,Orlando,Yes,Yes,T2,7,Long Tail,Yes,Intent-generated long-tail (unverified volume - AEO target),Generated (AEO)
new apartments near seaworld,0,0,0.0,0.0,Very Easy,Transactional,Near Landmark,Orlando,Yes,Yes,T2,4,Long Tail,Yes,Intent-generated long-tail (unverified volume - AEO target),Generated (AEO)
new apartments near universal orlando,0,0,0.0,0.0,Very Easy,Transactional,Near Landmark,Orlando,Yes,Yes,T2,5,Long Tail,Yes,Intent-generated long-tail (unverified volume - AEO target),Generated (AEO)
new apartments near vineland premium outlets,0,0,0.0,0.0,Very Easy,Transactional,Near Landmark,Orlando,Yes,Yes,T2,6,Long Tail,Yes,Intent-generated long-tail (unverified volume - AEO target),Generated (AEO)
new apartments southwest orlando,0,0,0.0,0.0,Very Easy,Commercial,Property / Renter Type,Orlando,Yes,Yes,T2,4,Long Tail,Yes,Intent-generated long-tail (unverified volume - AEO target),Generated (AEO)
new apartments vineland,0,0,0.0,0.0,Very Easy,Commercial,Property / Renter Type,Orlando,No,Yes,T2,3,Long Tail,Yes,Intent-generated long-tail (unverified volume - AEO target),Generated (AEO)
new apartments westwood blvd,0,0,0.0,0.0,Very Easy,Commercial,Property / Renter Type,Orlando,Yes,Yes,T2,4,Long Tail,Yes,Intent-generated long-tail (unverified volume - AEO target),Generated (AEO)
new studio apartments orlando,0,0,0.0,0.0,Very Easy,Commercial,Bedroom Type,Orlando,Yes,Yes,T2,4,Long Tail,Yes,Intent-generated long-tail (unverified volume - AEO target),Generated (AEO)
no deposit apartments orlando,0,0,0.0,0.0,Very Easy,Commercial,City + Apartments,Orlando,Yes,Yes,T2,4,Long Tail,Yes,Intent-generated long-tail (unverified volume - AEO target),Generated (AEO)
orlando apartments with cabanas,0,0,0.0,0.0,Very Easy,Commercial,Amenity,Orlando,Yes,Yes,T2,4,Long Tail,Yes,Intent-generated long-tail (unverified volume - AEO target),Generated (AEO)
orlando apartments with lake view,0,0,0.0,0.0,Very Easy,Commercial,City + Apartments,Orlando,Yes,Yes,T2,5,Long Tail,Yes,Intent-generated long-tail (unverified volume - AEO target),Generated (AEO)
orlando apartments with lakeside gazebo,0,0,0.0,0.0,Very Easy,Commercial,City + Apartments,Orlando,Yes,Yes,T2,5,Long Tail,Yes,Intent-generated long-tail (unverified volume - AEO target),Generated (AEO)
orlando apartments with pet park,0,0,0.0,0.0,Very Easy,Commercial,Pet Friendly,Orlando,Yes,Yes,T2,5,Long Tail,Yes,Intent-generated long-tail (unverified volume - AEO target),Generated (AEO)
orlando apartments with spin studio,0,0,0.0,0.0,Very Easy,Commercial,Bedroom Type,Orlando,Yes,Yes,T2,5,Long Tail,Yes,Intent-generated long-tail (unverified volume - AEO target),Generated (AEO)
orlando apartments with waterfront balcony,0,0,0.0,0.0,Very Easy,Commercial,Amenity,Orlando,Yes,Yes,T2,5,Long Tail,Yes,Intent-generated long-tail (unverified volume - AEO target),Generated (AEO)
orlando apartments with zero entry pool,0,0,0.0,0.0,Very Easy,Commercial,Amenity,Orlando,Yes,Yes,T2,6,Long Tail,Yes,Intent-generated long-tail (unverified volume - AEO target),Generated (AEO)
orlando rent prices by neighborhood,0,0,0.0,0.0,Very Easy,Commercial,General / Other,Orlando,Yes,Yes,T2,5,Long Tail,Yes,Intent-generated long-tail (unverified volume - AEO target),Generated (AEO)
paros vineland pricing,0,0,0.0,0.0,Very Easy,Navigational,Competitor (Paros Vineland),Orlando,No,Yes,T2,3,Gap,Yes,Intent-generated long-tail (unverified volume - AEO target),Generated (AEO)
paros vineland reviews,0,0,0.0,0.0,Very Easy,Navigational,Competitor (Paros Vineland),Orlando,No,Yes,T2,3,Gap,Yes,Intent-generated long-tail (unverified volume - AEO target),Generated (AEO)
paros vineland vs nearby apartments,0,0,0.0,0.0,Very Easy,Navigational,Competitor (Paros Vineland),Orlando,Yes,Yes,T2,5,Gap,Yes,Intent-generated long-tail (unverified volume - AEO target),Generated (AEO)
perse pricing,0,0,0.0,0.0,Very Easy,Navigational,Competitor (Perse),Orlando,No,Yes,T2,2,Gap,Yes,Intent-generated long-tail (unverified volume - AEO target),Generated (AEO)
perse reviews,0,0,0.0,0.0,Very Easy,Navigational,Competitor (Perse),Orlando,No,Yes,T2,2,Gap,Yes,Intent-generated long-tail (unverified volume - AEO target),Generated (AEO)
perse vs nearby apartments,0,0,0.0,0.0,Very Easy,Navigational,Competitor (Perse),Orlando,Yes,Yes,T2,4,Gap,Yes,Intent-generated long-tail (unverified volume - AEO target),Generated (AEO)
pet friendly apartments near international drive,0,0,0.0,0.0,Very Easy,Transactional,Near Landmark,Orlando,Yes,Yes,T2,6,Long Tail,Yes,Intent-generated long-tail (unverified volume - AEO target),Generated (AEO)
pet friendly apartments near lake buena vista,0,0,0.0,0.0,Very Easy,Transactional,Near Landmark,Orlando,Yes,Yes,T2,7,Long Tail,Yes,Intent-generated long-tail (unverified volume - AEO target),Generated (AEO)
pet friendly apartments near orange county convention center,0,0,0.0,0.0,Very Easy,Transactional,Near Landmark,Orlando,Yes,Yes,T2,8,Long Tail,Yes,Intent-generated long-tail (unverified volume - AEO target),Generated (AEO)
pet friendly apartments near seaworld,0,0,0.0,0.0,Very Easy,Transactional,Near Landmark,Orlando,Yes,Yes,T2,5,Long Tail,Yes,Intent-generated long-tail (unverified volume - AEO target),Generated (AEO)
pet friendly apartments near universal orlando,0,0,0.0,0.0,Very Easy,Transactional,Near Landmark,Orlando,Yes,Yes,T2,6,Long Tail,Yes,Intent-generated long-tail (unverified volume - AEO target),Generated (AEO)
pet friendly apartments near vineland premium outlets,0,0,0.0,0.0,Very Easy,Transactional,Near Landmark,Orlando,Yes,Yes,T2,7,Long Tail,Yes,Intent-generated long-tail (unverified volume - AEO target),Generated (AEO)
pet friendly apartments southwest orlando,0,0,0.0,0.0,Very Easy,Commercial,Pet Friendly,Orlando,Yes,Yes,T2,5,Long Tail,Yes,Intent-generated long-tail (unverified volume - AEO target),Generated (AEO)
pet friendly apartments vineland,0,0,0.0,0.0,Very Easy,Commercial,Pet Friendly,Orlando,Yes,Yes,T2,4,Long Tail,Yes,Intent-generated long-tail (unverified volume - AEO target),Generated (AEO)
pet friendly apartments westwood blvd,0,0,0.0,0.0,Very Easy,Commercial,Pet Friendly,Orlando,Yes,Yes,T2,5,Long Tail,Yes,Intent-generated long-tail (unverified volume - AEO target),Generated (AEO)
questions to ask on an apartment tour,0,0,0.0,0.0,Very Easy,Informational,Renter Education,Orlando,Yes,Yes,T2,7,Informational,Yes,Intent-generated long-tail (unverified volume - AEO target),Generated (AEO)
renters insurance cost orlando,0,0,0.0,0.0,Very Easy,Informational,Renter Education,Orlando,Yes,Yes,T2,4,Informational,Yes,Intent-generated long-tail (unverified volume - AEO target),Generated (AEO)
renting with pets in orlando,0,0,0.0,0.0,Very Easy,Commercial,Pet Friendly,Orlando,Yes,Yes,T2,5,Long Tail,Yes,Intent-generated long-tail (unverified volume - AEO target),Generated (AEO)
second floor vs first floor apartment,0,0,0.0,0.0,Very Easy,Commercial,City + Apartments,Orlando,Yes,Yes,T2,6,Long Tail,No,No local relevance,Generated (AEO)
short term furnished apartments orlando,0,0,0.0,0.0,Very Easy,Commercial,Property / Renter Type,Orlando,Yes,Yes,T2,5,Long Tail,Yes,Intent-generated long-tail (unverified volume - AEO target),Generated (AEO)
southwest orlando apartments for rent,0,0,0.0,0.0,Very Easy,Commercial,City + Apartments,Orlando,Yes,Yes,T2,5,Long Tail,Yes,Intent-generated long-tail (unverified volume - AEO target),Generated (AEO)
spacious 1 bedroom apartments orlando,0,0,0.0,0.0,Very Easy,Commercial,Bedroom Type,Orlando,Yes,Yes,T2,5,Long Tail,Yes,Intent-generated long-tail (unverified volume - AEO target),Generated (AEO)
spacious 2 bedroom apartments orlando,0,0,0.0,0.0,Very Easy,Commercial,Bedroom Type,Orlando,Yes,Yes,T2,5,Long Tail,Yes,Intent-generated long-tail (unverified volume - AEO target),Generated (AEO)
spacious 3 bedroom apartments orlando,0,0,0.0,0.0,Very Easy,Commercial,Bedroom Type,Orlando,Yes,Yes,T2,5,Long Tail,Yes,Intent-generated long-tail (unverified volume - AEO target),Generated (AEO)
spacious studio apartments orlando,0,0,0.0,0.0,Very Easy,Commercial,Bedroom Type,Orlando,Yes,Yes,T2,4,Long Tail,Yes,Intent-generated long-tail (unverified volume - AEO target),Generated (AEO)
studio apartments for rent orlando,0,0,0.0,0.0,Very Easy,Commercial,Bedroom Type,Orlando,Yes,Yes,T2,5,Long Tail,Yes,Intent-generated long-tail (unverified volume - AEO target),Generated (AEO)
studio apartments near international drive,0,0,0.0,0.0,Very Easy,Transactional,Near Landmark,Orlando,Yes,Yes,T2,5,Long Tail,Yes,Intent-generated long-tail (unverified volume - AEO target),Generated (AEO)
studio apartments near seaworld,0,0,0.0,0.0,Very Easy,Transactional,Near Landmark,Orlando,Yes,Yes,T2,4,Long Tail,Yes,Intent-generated long-tail (unverified volume - AEO target),Generated (AEO)
studio apartments near vineland premium outlets,0,0,0.0,0.0,Very Easy,Transactional,Near Landmark,Orlando,Yes,Yes,T2,6,Long Tail,Yes,Intent-generated long-tail (unverified volume - AEO target),Generated (AEO)
studio apartments orlando under 1500,0,0,0.0,0.0,Very Easy,Commercial,Address / Navigational,Orlando,Yes,Yes,T2,5,Long Tail,No,No article intent,Generated (AEO)
studio apartments southwest orlando,0,0,0.0,0.0,Very Easy,Commercial,Bedroom Type,Orlando,Yes,Yes,T2,4,Long Tail,Yes,Intent-generated long-tail (unverified volume - AEO target),Generated (AEO)
studio apartments vineland,0,0,0.0,0.0,Very Easy,Commercial,Bedroom Type,Orlando,No,Yes,T2,3,Long Tail,Yes,Intent-generated long-tail (unverified volume - AEO target),Generated (AEO)
studio apartments westwood blvd,0,0,0.0,0.0,Very Easy,Commercial,Bedroom Type,Orlando,Yes,Yes,T2,4,Long Tail,Yes,Intent-generated long-tail (unverified volume - AEO target),Generated (AEO)
studio parc pricing,0,0,0.0,0.0,Very Easy,Navigational,Competitor (Studio Parc),Orlando,No,Yes,T2,3,Gap,Yes,Intent-generated long-tail (unverified volume - AEO target),Generated (AEO)
studio parc reviews,0,0,0.0,0.0,Very Easy,Navigational,Competitor (Studio Parc),Orlando,No,Yes,T2,3,Gap,Yes,Intent-generated long-tail (unverified volume - AEO target),Generated (AEO)
studio parc vs nearby apartments,0,0,0.0,0.0,Very Easy,Navigational,Competitor (Studio Parc),Orlando,Yes,Yes,T2,5,Gap,Yes,Intent-generated long-tail (unverified volume - AEO target),Generated (AEO)
studio pet friendly apartments orlando,0,0,0.0,0.0,Very Easy,Commercial,Bedroom Type,Orlando,Yes,Yes,T2,5,Long Tail,Yes,Intent-generated long-tail (unverified volume - AEO target),Generated (AEO)
tour checklist apartment orlando,0,0,0.0,0.0,Very Easy,Commercial,City + Apartments,Orlando,Yes,Yes,T2,4,Long Tail,Yes,Intent-generated long-tail (unverified volume - AEO target),Generated (AEO)
town vineland pricing,0,0,0.0,0.0,Very Easy,Navigational,Competitor (Town Vineland),Orlando,No,Yes,T2,3,Gap,Yes,Intent-generated long-tail (unverified volume - AEO target),Generated (AEO)
town vineland reviews,0,0,0.0,0.0,Very Easy,Navigational,Competitor (Town Vineland),Orlando,No,Yes,T2,3,Gap,Yes,Intent-generated long-tail (unverified volume - AEO target),Generated (AEO)
town vineland vs nearby apartments,0,0,0.0,0.0,Very Easy,Navigational,Competitor (Town Vineland),Orlando,Yes,Yes,T2,5,Gap,Yes,Intent-generated long-tail (unverified volume - AEO target),Generated (AEO)
townhomes southwest orlando,0,0,0.0,0.0,Very Easy,Commercial,Property / Renter Type,Orlando,No,Yes,T2,3,Long Tail,Yes,Intent-generated long-tail (unverified volume - AEO target),Generated (AEO)
townhomes vineland,0,0,0.0,0.0,Very Easy,Commercial,Property / Renter Type,Orlando,No,Yes,T2,2,Long Tail,Yes,Intent-generated long-tail (unverified volume - AEO target),Generated (AEO)
townhomes westwood blvd,0,0,0.0,0.0,Very Easy,Commercial,Property / Renter Type,Orlando,No,Yes,T2,3,Long Tail,Yes,Intent-generated long-tail (unverified volume - AEO target),Generated (AEO)
utilities cost orlando apartment,0,0,0.0,0.0,Very Easy,Informational,Renter Education,Orlando,Yes,Yes,T2,4,Informational,Yes,Intent-generated long-tail (unverified volume - AEO target),Generated (AEO)
vineland apartments for rent,0,0,0.0,0.0,Very Easy,Commercial,City + Apartments,Orlando,Yes,Yes,T2,4,Long Tail,Yes,Intent-generated long-tail (unverified volume - AEO target),Generated (AEO)
vineland landings pricing,0,0,0.0,0.0,Very Easy,Navigational,Competitor (Vineland Landings),Orlando,No,Yes,T2,3,Gap,Yes,Intent-generated long-tail (unverified volume - AEO target),Generated (AEO)
vineland landings reviews,0,0,0.0,0.0,Very Easy,Navigational,Competitor (Vineland Landings),Orlando,No,Yes,T2,3,Gap,Yes,Intent-generated long-tail (unverified volume - AEO target),Generated (AEO)
vineland landings vs nearby apartments,0,0,0.0,0.0,Very Easy,Navigational,Competitor (Vineland Landings),Orlando,Yes,Yes,T2,5,Gap,Yes,Intent-generated long-tail (unverified volume - AEO target),Generated (AEO)
westwood blvd apartments for rent,0,0,0.0,0.0,Very Easy,Commercial,City + Apartments,Orlando,Yes,Yes,T2,5,Long Tail,No,No local relevance,Generated (AEO)
what credit score do you need to rent in orlando,0,0,0.0,0.0,Very Easy,Informational,Renter Education,Orlando,Yes,Yes,T2,10,Informational,Yes,Intent-generated long-tail (unverified volume - AEO target),Generated (AEO)
what does rent include at apartments in orlando,0,0,0.0,0.0,Very Easy,Informational,Renter Education,Orlando,Yes,Yes,T2,8,Informational,Yes,Intent-generated long-tail (unverified volume - AEO target),Generated (AEO)
what floor plans does citi lakes offer,0,0,0.0,0.0,Very Easy,Navigational,Branded,Orlando,Yes,Yes,T2,7,Quick Win,Yes,Intent-generated long-tail (unverified volume - AEO target),Generated (AEO)
what salary do you need to live in orlando,0,0,0.0,0.0,Very Easy,Informational,Renter Education,Orlando,Yes,Yes,T2,9,Informational,Yes,Intent-generated long-tail (unverified volume - AEO target),Generated (AEO)
where is citi lakes located,0,0,0.0,0.0,Very Easy,Navigational,Branded,Orlando,Yes,Yes,T2,5,Quick Win,Yes,Intent-generated long-tail (unverified volume - AEO target),Generated (AEO)
apartments near seaworld orlando,0,0,0.0,0.0,Very Easy,Transactional,Near Landmark,Orlando,Yes,Yes,T2,4,Long Tail,Yes,Major attraction proximity,Generated (Research)
apartments near universal studios orlando,0,0,0.0,0.0,Very Easy,Transactional,Near Landmark,Orlando,Yes,Yes,T2,5,Long Tail,Yes,Major attraction proximity,Generated (Research)
apartments near vineland premium outlets,0,0,0.0,0.0,Very Easy,Transactional,Near Landmark,Orlando,Yes,Yes,T2,5,Long Tail,Yes,Shopping proximity keyword,Generated (Research)
apartments near international drive orlando,0,0,0.0,0.0,Very Easy,Transactional,Near Landmark,Orlando,Yes,Yes,T2,5,Long Tail,Yes,Major corridor proximity,Generated (Research)
apartments near disney world orlando,0,0,0.0,0.0,Very Easy,Transactional,Near Landmark,Orlando,Yes,Yes,T2,5,Long Tail,Yes,Major attraction proximity,Generated (Research)
smoke free apartments orlando,0,0,0.0,0.0,Very Easy,Commercial,Amenity,Orlando,Yes,Yes,T2,4,Long Tail,Yes,Lifestyle differentiator,Generated (Research)
apartments with jogging trail orlando,0,0,0.0,0.0,Very Easy,Commercial,Amenity,Orlando,Yes,Yes,T2,5,Long Tail,Yes,Amenity differentiator,Generated (Research)
apartments with coffee bar orlando,0,0,0.0,0.0,Very Easy,Commercial,Amenity,Orlando,Yes,Yes,T2,5,Long Tail,Yes,Amenity differentiator,Generated (Research)
lakefront apartments orlando fl,0,0,0.0,0.0,Very Easy,Commercial,City + Apartments,Orlando,Yes,Yes,T2,4,Long Tail,Yes,Waterfront living keyword,Generated (Research)
apartments with lakeside gazebo orlando,0,0,0.0,0.0,Very Easy,Commercial,Amenity,Orlando,Yes,Yes,T2,5,Long Tail,Yes,Unique amenity differentiator,Generated (Research)
resort style apartments orlando,0,0,0.0,0.0,Very Easy,Commercial,Luxury,Orlando,No,Yes,T2,4,Long Tail,Yes,Lifestyle keyword,Generated (Research)
apartments with billiards room orlando,0,0,0.0,0.0,Very Easy,Commercial,Amenity,Orlando,Yes,Yes,T2,5,Long Tail,Yes,Amenity differentiator,Generated (Research)
no hidden fees apartments orlando,0,0,0.0,0.0,Very Easy,Commercial,Price / Budget,Orlando,Yes,Yes,T2,5,Long Tail,Yes,Transparent pricing differentiator,Generated (Research)
apartments near lake eola park orlando,0,0,0.0,0.0,Very Easy,Transactional,Near Landmark,Orlando,Yes,Yes,T2,6,Long Tail,Yes,Recreation proximity keyword,Generated (Research)
apartments 32821 orlando,0,0,0.0,0.0,Very Easy,Commercial,City + Apartments,Orlando,No,Yes,T2,3,Long Tail,Yes,Zip code search keyword,Generated (Research)
southwest orlando apartments for rent,0,0,0.0,0.0,Very Easy,Commercial,City + Apartments,Orlando,Yes,Yes,T2,5,Long Tail,Yes,Submarket keyword,Generated (Research)
citi lakes orlando floor plans,0,0,0.0,0.0,Very Easy,Navigational,Branded,Orlando,Yes,Yes,T2,5,Quick Win,Yes,Brand informational keyword,Generated (Research)
citi lakes orlando reviews,0,0,0.0,0.0,Very Easy,Navigational,Branded,Orlando,Yes,Yes,T2,4,Quick Win,Yes,Brand reputation keyword,Generated (Research)
citi lakes orlando pricing,0,0,0.0,0.0,Very Easy,Navigational,Branded,Orlando,Yes,Yes,T2,4,Quick Win,Yes,Brand transactional keyword,Generated (Research)
citi lakes pet policy,0,0,0.0,0.0,Very Easy,Navigational,Branded,Orlando,Yes,Yes,T2,4,Quick Win,Yes,Brand pet policy keyword,Generated (Research)
apartments near orlando health,0,0,0.0,0.0,Very Easy,Transactional,Near Landmark,Orlando,Yes,Yes,T2,4,Long Tail,Yes,Employer proximity keyword,Generated (Research)
apartments near adventhealth orlando,0,0,0.0,0.0,Very Easy,Transactional,Near Landmark,Orlando,Yes,Yes,T2,4,Long Tail,Yes,Employer proximity keyword,Generated (Research)
apartments near lockheed martin orlando,0,0,0.0,0.0,Very Easy,Transactional,Near Landmark,Orlando,Yes,Yes,T2,5,Long Tail,Yes,Employer proximity keyword,Generated (Research)
apartments with open concept layout orlando,0,0,0.0,0.0,Very Easy,Commercial,Amenity,Orlando,Yes,Yes,T2,6,Long Tail,Yes,Interior feature keyword,Generated (Research)
apartments with 9 foot ceilings orlando,0,0,0.0,0.0,Very Easy,Commercial,Amenity,Orlando,Yes,Yes,T2,6,Long Tail,Yes,Interior feature keyword,Generated (Research)
apartments with granite countertops orlando,0,0,0.0,0.0,Very Easy,Commercial,Amenity,Orlando,Yes,Yes,T2,5,Long Tail,Yes,Interior feature keyword,Generated (Research)
